{"item":[{"id":"64b3a9c1-87e0-45e4-9199-d1dc2fb7d1eb","name":"cardconnect/rest/v2/updater","item":[{"id":"ee6c38d0-9ac0-4960-b039-6d845dfa8d88","name":"GET Updates","request":{"name":"GET Updates","description":{"content":"<p>The GET request retrieves all available account changes that have occurred within the 30 day period preceding the current date, or within the previous number of days specified using the <code>daysBack</code> parameter.</p>\n\n<p>The GET request requires a query string formatted as <code>https://{site}.cardconnect.com/cardconnect/rest/v2/updater?merchid={merchid}&...</code></p>\n\n<p>Additionally, you can view update history details for the past year in the CardPointe Web App, on the <strong>Card Updates</strong> page. See the <a href=\"https://support.cardpointe.com/cardpointe/cardpointe-desktop-app#card-account-updater-reporting\">Card Account Updater Reporting topic</a> in the <a href=\"https://support.cardpointe.com/cardpointe/cardpointe-desktop-app\">CardPointe Web App Users' Guide</a> for more information.</p>\n","type":"text/plain"},"url":{"path":["cardconnect","rest","v2","updater"],"host":["{{baseUrl}}"],"query":[{"disabled":false,"key":"merchid","value":"<integer>","description":"(Required) <p>The Merchant ID associated with the stored profiles or accounts.</p><br> \n<p><em><strong>Note:</strong>The merchant account must be enrolled in the CardPointe Card Account Updater service.</em></p>\n"},{"disabled":false,"key":"daysBack","value":"<integer>","description":"<p>The number of days prior to the current date, used to retrieve updates reported within that period.</p><br>\n<p>Defaults to <code>30</code> if not provided.</p>\n"},{"disabled":false,"key":"page","value":"<integer>","description":"<p>The number of the specific page to return in the paginated response.</p>\n"},{"disabled":false,"key":"profile","value":"<boolean>","description":"<p>if <code>true</code>, returns an array of linked profiles when the account in an update record is linked to a CardPointe Gateway profile.</p><br>\n<p>Defaults to <code>false</code> if not specified.</p>\n"},{"disabled":false,"key":"binInfo","value":"<boolean>","description":"<p>If <code>true</code>, returns the Bank Identification Number (BIN) information (<code>binInfo</code>) object when an update record for the account includes a new card number.</p><br>\n<p>Defaults to <code>false</code> if not specified.</p>\n"}],"variable":[]},"header":[{"key":"Accept","value":"application/json"}],"method":"GET","auth":null},"response":[{"id":"7065df1a-6428-4066-b9e0-2470867f626f","name":"Success","originalRequest":{"url":{"path":["cardconnect","rest","v2","updater"],"host":["{{baseUrl}}"],"query":[{"key":"merchid","value":"<integer>"},{"key":"daysBack","value":"<integer>"},{"key":"page","value":"<integer>"},{"key":"profile","value":"false"},{"key":"binInfo","value":"false"}],"variable":[]},"header":[{"disabled":false,"description":"(Required) Must be **application/json**.","key":"Content-Type","value":"application/json"},{"disabled":false,"description":"(Required) Base-64 encoded API credentials.","key":"Authorization","value":"sint reprehenderit irure aliquip consequat"},{"key":"Accept","value":"application/json"}],"method":"GET","body":{}},"status":"OK","code":200,"header":[{"key":"Content-Type","value":"application/json"}],"body":"{\n  \"pageNumber\": \"2\",\n  \"perPageSize\": \"5\",\n  \"currentPageSize\": \"4\",\n  \"totalPages\": \"2\",\n  \"totalUpdates\": \"9\",\n  \"updatesStartDate\": \"20250702\",\n  \"updatesEndDate\": \"20250731\",\n  \"updates\": [\n    {\n      \"dateupdated\": \"20250714\",\n      \"newtoken\": \"9328333354545454\",\n      \"oldtoken\": \"9328333354545454\",\n      \"newexpiry\": \"20290630\",\n      \"status\": \"CLOSED\"\n    },\n    {\n      \"dateupdated\": \"20250707\",\n      \"newtoken\": \"9328388888821111\",\n      \"oldtoken\": \"9328333322221111\",\n      \"newexpiry\": \"20291231\",\n      \"status\": \"UPDATE\",\n      \"binInfo\": {\n        \"country\": \"USA\",\n        \"product\": \"D\",\n        \"bin\": \"601101\",\n        \"purchase\": false,\n        \"prepaid\": true,\n        \"issuer\": \"USA Bank\",\n        \"cardusestring\": \"True credit, No PIN/Signature capability\",\n        \"gsa\": false,\n        \"corporate\": false,\n        \"fsa\": false,\n        \"subtype\": \"Consumer Credit - Rewards\",\n        \"binlo\": \"601100\",\n        \"binhi\": \"601102\"\n      }\n    },\n    {\n      \"dateupdated\": \"20250703\",\n      \"newtoken\": \"9400160947480371\",\n      \"oldtoken\": \"9400160947480371\",\n      \"newexpiry\": \"20290731\",\n      \"status\": \"EXPIRY\",\n      \"profiles\": [\n        {\n          \"profileid\": \"15972067835224307445\",\n          \"acctid\": \"1\"\n        }\n      ]\n    },\n    {\n      \"dateupdated\": \"20250702\",\n      \"newtoken\": \"9403490245261984\",\n      \"oldtoken\": \"9403490245261984\",\n      \"newexpiry\": \"\",\n      \"status\": \"NOGOOD\"\n    }\n  ]\n}","cookie":[],"_postman_previewlanguage":"json"},{"id":"8a10f841-fffa-42a3-ab8b-191187b7ad5f","name":"Bad Request","originalRequest":{"url":{"path":["cardconnect","rest","v2","updater"],"host":["{{baseUrl}}"],"query":[{"key":"merchid","value":"<integer>"},{"key":"daysBack","value":"<integer>"},{"key":"page","value":"<integer>"},{"key":"profile","value":"false"},{"key":"binInfo","value":"false"}],"variable":[]},"header":[{"disabled":false,"description":"(Required) Must be **application/json**.","key":"Content-Type","value":"application/json"},{"disabled":false,"description":"(Required) Base-64 encoded API credentials.","key":"Authorization","value":"sint reprehenderit irure aliquip consequat"},{"key":"Accept","value":"application/json"}],"method":"GET","body":{}},"status":"Bad Request","code":400,"header":[{"key":"Content-Type","value":"application/json"}],"body":"{\n  \"errors\": [\n    {\n      \"field\": \"accounts\"\n    },\n    {\n      \"message\": \"must not be null or missing or empty\"\n    }\n  ]\n}","cookie":[],"_postman_previewlanguage":"json"},{"id":"8243101b-2463-4664-8126-ee99309d319e","name":"Not Found","originalRequest":{"url":{"path":["cardconnect","rest","v2","updater"],"host":["{{baseUrl}}"],"query":[{"key":"merchid","value":"<integer>"},{"key":"daysBack","value":"<integer>"},{"key":"page","value":"<integer>"},{"key":"profile","value":"false"},{"key":"binInfo","value":"false"}],"variable":[]},"header":[{"disabled":false,"description":"(Required) Must be **application/json**.","key":"Content-Type","value":"application/json"},{"disabled":false,"description":"(Required) Base-64 encoded API credentials.","key":"Authorization","value":"sint reprehenderit irure aliquip consequat"},{"key":"Accept","value":"application/json"}],"method":"GET","body":{}},"status":"Not Found","code":404,"header":[{"key":"Content-Type","value":"application/json"}],"body":"{\n  \"timestamp\": \"2025-06-23 14:53:24.443\",\n  \"status\": \"dolor qui ex nisi\",\n  \"error\": \"Not Found\",\n  \"path\": \"/cardconnect/rest/v2/updter\"\n}","cookie":[],"_postman_previewlanguage":"json"}],"event":[],"protocolProfileBehavior":{"disableBodyPruning":true}},{"id":"bf70096c-7f84-4079-accc-aa986d6040c0","name":"PUT Accounts","request":{"name":"PUT Accounts","description":{"content":"<p>The PUT request enrolls accounts in the Card Account Updater service manually, by supplying tokens or clear PANs.</p>\n<p>These accounts are monitored for changes in account status, expiry, or card number. Card Account Updater relies on information provided by Visa, Mastercard, and Discover to determine when a change has occurred, and stores the changes for retrieval using the GET method.</p>\n","type":"text/plain"},"url":{"path":["cardconnect","rest","v2","updater"],"host":["{{baseUrl}}"],"query":[],"variable":[]},"header":[{"key":"Content-Type","value":"application/json"},{"key":"Accept","value":"application/json"}],"method":"PUT","auth":null,"body":{"mode":"raw","raw":"{\n  \"merchid\": \"<string>\",\n  \"accounts\": [\n    {\n      \"account\": \"<string>\",\n      \"expiry\": \"<string>\"\n    },\n    {\n      \"account\": \"<string>\",\n      \"expiry\": \"<string>\"\n    }\n  ]\n}","options":{"raw":{"language":"json"}}}},"response":[{"id":"d18932c3-9722-4238-a40c-192860c4ad68","name":"Success","originalRequest":{"url":{"path":["cardconnect","rest","v2","updater"],"host":["{{baseUrl}}"],"query":[],"variable":[]},"header":[{"disabled":false,"description":"(Required) Must be **application/json**.","key":"Content-Type","value":"application/json"},{"disabled":false,"description":"(Required) Base-64 encoded API credentials.","key":"Authorization","value":"sint reprehenderit irure aliquip consequat"},{"key":"Accept","value":"application/json"}],"method":"PUT","body":{"mode":"raw","raw":"{\n  \"merchid\": \"123456789012\",\n  \"accounts\": [\n    {\n      \"account\": \"4111111111111111\",\n      \"expiry\": \"0128\"\n    },\n    {\n      \"account\": \"9434567891111111\",\n      \"expiry\": \"0529\"\n    }\n  ]\n}","options":{"raw":{"language":"json"}}}},"status":"OK","code":200,"header":[{"key":"Content-Type","value":"application/json"}],"body":"{\n  \"merchid\": \"1234567890\",\n  \"total\": \"12\",\n  \"successes\": \"8\",\n  \"failures\": \"4\",\n  \"tokens\": [\n    {\n      \"account\": \"4111111111111111\",\n      \"token\": \"9411673941601111\"\n    }\n  ],\n  \"errors\": [\n    {\n      \"field\": \"4111111/111111111\",\n      \"message\": \"invalid card\"\n    },\n    {\n      \"field\": \"4111111111111111\",\n      \"message\": \"can not tokenize\"\n    }\n  ]\n}","cookie":[],"_postman_previewlanguage":"json"},{"id":"3aa99419-60e1-46d1-85ff-8edb79154fb1","name":"Bad Request","originalRequest":{"url":{"path":["cardconnect","rest","v2","updater"],"host":["{{baseUrl}}"],"query":[],"variable":[]},"header":[{"disabled":false,"description":"(Required) Must be **application/json**.","key":"Content-Type","value":"application/json"},{"disabled":false,"description":"(Required) Base-64 encoded API credentials.","key":"Authorization","value":"sint reprehenderit irure aliquip consequat"},{"key":"Accept","value":"application/json"}],"method":"PUT","body":{"mode":"raw","raw":"{\n  \"merchid\": \"123456789012\",\n  \"accounts\": [\n    {\n      \"account\": \"4111111111111111\",\n      \"expiry\": \"0128\"\n    },\n    {\n      \"account\": \"9434567891111111\",\n      \"expiry\": \"0529\"\n    }\n  ]\n}","options":{"raw":{"language":"json"}}}},"status":"Bad Request","code":400,"header":[{"key":"Content-Type","value":"application/json"}],"body":"{\n  \"errors\": [\n    {\n      \"field\": \"accounts\"\n    },\n    {\n      \"message\": \"must not be null or missing or empty\"\n    }\n  ]\n}","cookie":[],"_postman_previewlanguage":"json"},{"id":"272edda7-b7f2-41ca-8d4e-5978fc77b5b4","name":"Not Found","originalRequest":{"url":{"path":["cardconnect","rest","v2","updater"],"host":["{{baseUrl}}"],"query":[],"variable":[]},"header":[{"disabled":false,"description":"(Required) Must be **application/json**.","key":"Content-Type","value":"application/json"},{"disabled":false,"description":"(Required) Base-64 encoded API credentials.","key":"Authorization","value":"sint reprehenderit irure aliquip consequat"},{"key":"Accept","value":"application/json"}],"method":"PUT","body":{"mode":"raw","raw":"{\n  \"merchid\": \"123456789012\",\n  \"accounts\": [\n    {\n      \"account\": \"4111111111111111\",\n      \"expiry\": \"0128\"\n    },\n    {\n      \"account\": \"9434567891111111\",\n      \"expiry\": \"0529\"\n    }\n  ]\n}","options":{"raw":{"language":"json"}}}},"status":"Not Found","code":404,"header":[{"key":"Content-Type","value":"application/json"}],"body":"{\n  \"timestamp\": \"2025-06-23 14:53:24.443\",\n  \"status\": \"dolor qui ex nisi\",\n  \"error\": \"Not Found\",\n  \"path\": \"/cardconnect/rest/v2/updter\"\n}","cookie":[],"_postman_previewlanguage":"json"}],"event":[],"protocolProfileBehavior":{"disableBodyPruning":true}},{"id":"47602134-8b34-46a9-be91-355c120d651f","name":"Delete Accounts (JSON)","request":{"name":"Delete Accounts (JSON)","description":{"content":"<p>The DELETE request unenrolls accounts that have been manually added using the PUT method. You can specify the accounts to unenroll in either a query string or JSON-encoded request.</p>\n<p>Submitting a DELETE request as a query string requires only basic authentication. The maximum number of tokens submitted in a query string is 1,897. The query must be formatted as <code>{site}.cardconnect.com/cardconnect/rest/v2/updater?merchid={merchid}&accounts={account1},{account2}...</code></p>\n<p>Submitting a DELETE request with a JSON body requires basic authentication <em>and</em> <code>content-type: application/json</code> specified in the request header. The maximum number of tokens submitted in a JSON body is 2,000.</p>\n<p><em><strong>Note:</strong> It is not possible to use the DELETE method to unenroll an account that is associated with a stored profile. Use the CardPointe Gateway <a href=\"../api/?type=post&path=/cardconnect/rest/profile\">profile endpoint</a> to set <code>\"auoptout\":\"Y\"</code> for accounts associated with a stored profile.</em></p>\n","type":"text/plain"},"url":{"path":["cardconnect","rest","v2","updater"],"host":["{{baseUrl}}"],"query":[{"disabled":false,"key":"merchid","value":"<string>","description":"(Required) <p>The merchant ID associated with the accounts.</p><br>\n"},{"disabled":false,"key":"accounts","value":"<string>","description":"(Required) <p>A comma-separated list of accounts to unenroll.</p><br><p>The maximum number of accounts supported in a query is 1,897.</p>  \n"}],"variable":[]},"header":[{"key":"Content-Type","value":"application/json"},{"key":"Accept","value":"application/json"}],"method":"DELETE","auth":null,"body":{"mode":"raw","raw":"{\n  \"merchid\": \"<string>\",\n  \"accounts\": \"<array>\"\n}","options":{"raw":{"language":"json"}}}},"response":[{"id":"a053786b-6ae3-4b51-884b-33b2a48080c2","name":"Success","originalRequest":{"url":{"path":["cardconnect","rest","v2","updater"],"host":["{{baseUrl}}"],"query":[{"key":"merchid","value":"<string>"},{"key":"accounts","value":"<string>"}],"variable":[]},"header":[{"disabled":false,"description":"(Required) Must be **application/json**.","key":"Content-Type","value":"application/json"},{"disabled":false,"description":"(Required) Base-64 encoded API credentials.","key":"Authorization","value":"sint reprehenderit irure aliquip consequat"},{"key":"Accept","value":"application/json"}],"method":"DELETE","body":{"mode":"raw","raw":"{\n  \"merchid\": \"123456789012\",\n  \"accounts\": [\n    \"94141123456781111\",\n    \"94111987654324444\"\n  ]\n}","options":{"raw":{"language":"json"}}}},"status":"OK","code":200,"header":[{"key":"Content-Type","value":"application/json"}],"body":"{\n  \"merchid\": \"1234567890\",\n  \"total\": \"3\",\n  \"deleted\": \"2\",\n  \"notDeleted\": [\n    {\n      \"account\": \"9405271370445901\",\n      \"message\": \"account/token does not exist in CAU database\"\n    }\n  ]\n}","cookie":[],"_postman_previewlanguage":"json"},{"id":"14345cec-502f-4257-a66a-f129a117e5e4","name":"Bad Request","originalRequest":{"url":{"path":["cardconnect","rest","v2","updater"],"host":["{{baseUrl}}"],"query":[{"key":"merchid","value":"<string>"},{"key":"accounts","value":"<string>"}],"variable":[]},"header":[{"disabled":false,"description":"(Required) Must be **application/json**.","key":"Content-Type","value":"application/json"},{"disabled":false,"description":"(Required) Base-64 encoded API credentials.","key":"Authorization","value":"sint reprehenderit irure aliquip consequat"},{"key":"Accept","value":"application/json"}],"method":"DELETE","body":{"mode":"raw","raw":"{\n  \"merchid\": \"123456789012\",\n  \"accounts\": [\n    \"94141123456781111\",\n    \"94111987654324444\"\n  ]\n}","options":{"raw":{"language":"json"}}}},"status":"Bad Request","code":400,"header":[{"key":"Content-Type","value":"application/json"}],"body":"{\n  \"errors\": [\n    {\n      \"field\": \"accounts\"\n    },\n    {\n      \"message\": \"must not be null or missing or empty\"\n    }\n  ]\n}","cookie":[],"_postman_previewlanguage":"json"},{"id":"752052a5-ded2-4ba6-a91c-e415c741ea32","name":"Not Found","originalRequest":{"url":{"path":["cardconnect","rest","v2","updater"],"host":["{{baseUrl}}"],"query":[{"key":"merchid","value":"<string>"},{"key":"accounts","value":"<string>"}],"variable":[]},"header":[{"disabled":false,"description":"(Required) Must be **application/json**.","key":"Content-Type","value":"application/json"},{"disabled":false,"description":"(Required) Base-64 encoded API credentials.","key":"Authorization","value":"sint reprehenderit irure aliquip consequat"},{"key":"Accept","value":"application/json"}],"method":"DELETE","body":{"mode":"raw","raw":"{\n  \"merchid\": \"123456789012\",\n  \"accounts\": [\n    \"94141123456781111\",\n    \"94111987654324444\"\n  ]\n}","options":{"raw":{"language":"json"}}}},"status":"Not Found","code":404,"header":[{"key":"Content-Type","value":"application/json"}],"body":"{\n  \"timestamp\": \"2025-06-23 14:53:24.443\",\n  \"status\": \"dolor qui ex nisi\",\n  \"error\": \"Not Found\",\n  \"path\": \"/cardconnect/rest/v2/updter\"\n}","cookie":[],"_postman_previewlanguage":"json"}],"event":[],"protocolProfileBehavior":{"disableBodyPruning":true}}],"event":[]}],"event":[],"variable":[{"type":"string","value":"https://<site>-uat.cardconnect.com/","key":"baseUrl"}],"info":{"_postman_id":"1b3ba176-25f0-4ae6-83d3-ba3126edd09a","name":"CardPointe Card Account Updater (CAU) API","schema":"https://schema.getpostman.com/json/collection/v2.1.0/collection.json","description":{"content":"This API documentation provides technical guidance for integrating the CardPointe Card Account Updater (CAU) service with your application.","type":"text/plain"}}}