{"item":[{"id":"b41dd00b-d229-443f-9db6-f44273462716","name":"cardsecure/api/v1","item":[{"id":"b82947ff-1f5f-46d6-bb44-1b6627e5bd7e","name":"tokenize","request":{"name":"tokenize","description":{"content":"<p>A request to the tokenize endpoint returns a CardSecure token generated from the data provided in the request.</p>\n<p>Either the <code>account</code> or <code>devicedata</code> field must be provided.</p>\n<p><code>account</code> can be one of the following:</p><ul>\n<li>Credit Card number</li>\n<li>ACH account and routing number (in for the format routing/account)</li>\n<li>Digital wallet (Apple Pay or Google Pay)</li></ul>\n","type":"text/plain"},"url":{"path":["cardsecure","api","v1","ccn","tokenize"],"host":["{{baseUrl}}"],"query":[],"variable":[]},"header":[{"key":"Content-Type","value":"application/json"},{"key":"Accept","value":"application/json"}],"method":"POST","auth":null,"body":{"mode":"raw","raw":"{\n  \"account\": \"<string>\",\n  \"devicedata\": \"<string>\",\n  \"singature\": \"<string>\",\n  \"encryptionhandler\": \"<string>\",\n  \"expiry\": \"<string>\",\n  \"cvv\": \"<string>\",\n  \"unique\": \"<boolean>\"\n}","options":{"raw":{"language":"json"}}}},"response":[{"id":"ed79c620-dd52-475f-bdc5-e71df1521a37","name":"Success","originalRequest":{"url":{"path":["cardsecure","api","v1","ccn","tokenize"],"host":["{{baseUrl}}"],"query":[],"variable":[]},"header":[{"disabled":false,"description":"(Required) <p>The content type. must be <code>application/json</code>.</p>\n","key":"Content-Type","value":"application/json"},{"key":"Accept","value":"application/json"}],"method":"POST","body":{"mode":"raw","raw":"{\n  \"account\": 4444333322221111\n}","options":{"raw":{"language":"json"}}}},"status":"OK","code":200,"header":[{"key":"Content-Type","value":"application/json"}],"body":"{\n  \"message\": \"No error\",\n  \"errorcode\": -8255155,\n  \"token\": \"consectetur\"\n}","cookie":[],"_postman_previewlanguage":"json"},{"id":"ea29137b-62c1-4f82-97c2-8910800d90bf","name":"Not Found","originalRequest":{"url":{"path":["cardsecure","api","v1","ccn","tokenize"],"host":["{{baseUrl}}"],"query":[],"variable":[]},"header":[{"disabled":false,"description":"(Required) <p>The content type. must be <code>application/json</code>.</p>\n","key":"Content-Type","value":"application/json"},{"key":"Accept","value":"application/json"}],"method":"POST","body":{"mode":"raw","raw":"{\n  \"account\": 4444333322221111\n}","options":{"raw":{"language":"json"}}}},"status":"Bad Request","code":400,"header":[{"key":"Content-Type","value":"application/json"}],"body":"{\n  \"message\": \"Data not found\",\n  \"errorcode\": 49\n}","cookie":[],"_postman_previewlanguage":"json"},{"id":"e1c134c8-74f7-4d77-bdae-f0e2646c2e32","name":"Bad Request","originalRequest":{"url":{"path":["cardsecure","api","v1","ccn","tokenize"],"host":["{{baseUrl}}"],"query":[],"variable":[]},"header":[{"disabled":false,"description":"(Required) <p>The content type. must be <code>application/json</code>.</p>\n","key":"Content-Type","value":"application/json"},{"key":"Accept","value":"application/json"}],"method":"POST","body":{"mode":"raw","raw":"{\n  \"account\": 4444333322221111\n}","options":{"raw":{"language":"json"}}}},"status":"Not Found","code":404,"header":[{"key":"Content-Type","value":"application/json"}],"body":"{\n  \"message\": \"Keystore invalid processor\",\n  \"errorcode\": 65\n}","cookie":[],"_postman_previewlanguage":"json"}],"event":[],"protocolProfileBehavior":{"disableBodyPruning":true}},{"id":"b9528477-76e7-4436-9a44-41b62bc8d807","name":"echo","request":{"name":"echo","description":{"content":"<p>A call to the <code>echo</code> endpoint sends a ping command to the CardSecure server to verify the application's connection.</p>\n","type":"text/plain"},"url":{"path":["cardsecure","api","v1","echo"],"host":["{{baseUrl}}"],"query":[],"variable":[]},"header":[{"key":"Content-Type","value":"application/JSON"},{"key":"Accept","value":"application/json"}],"method":"POST","auth":null,"body":{"mode":"raw","raw":"{\n  \"message\": \"<string>\"\n}","options":{"raw":{"language":"json"}}}},"response":[{"id":"b4dfe088-e6f0-4026-959c-bef132cc2298","name":"Success","originalRequest":{"url":{"path":["cardsecure","api","v1","echo"],"host":["{{baseUrl}}"],"query":[],"variable":[]},"header":[{"disabled":false,"description":"(Required) <p>The content type. must be <code>application/json</code>.</p>\n","key":"Content-Type","value":"application/json"},{"key":"Accept","value":"application/json"}],"method":"POST","body":{"mode":"raw","raw":"{\n  \"message\": \"Hello?\"\n}","options":{"raw":{"language":"json"}}}},"status":"OK","code":200,"header":[{"key":"Content-Type","value":"application/json"}],"body":"{\n  \"message\": \"Hello?\",\n  \"errorcode\": 6094336\n}","cookie":[],"_postman_previewlanguage":"json"},{"id":"be22c2e7-55bc-4d3c-a759-b6198d604e1a","name":"Not Found","originalRequest":{"url":{"path":["cardsecure","api","v1","echo"],"host":["{{baseUrl}}"],"query":[],"variable":[]},"header":[{"disabled":false,"description":"(Required) <p>The content type. must be <code>application/json</code>.</p>\n","key":"Content-Type","value":"application/json"},{"key":"Accept","value":"application/json"}],"method":"POST","body":{"mode":"raw","raw":"{\n  \"message\": \"Hello?\"\n}","options":{"raw":{"language":"json"}}}},"status":"Bad Request","code":400,"header":[{"key":"Content-Type","value":"application/json"}],"body":"{\n  \"message\": \"Data not found\",\n  \"errorcode\": 49\n}","cookie":[],"_postman_previewlanguage":"json"},{"id":"bc67fa01-0464-4b64-aa55-05bf14f85b60","name":"Bad Request","originalRequest":{"url":{"path":["cardsecure","api","v1","echo"],"host":["{{baseUrl}}"],"query":[],"variable":[]},"header":[{"disabled":false,"description":"(Required) <p>The content type. must be <code>application/json</code>.</p>\n","key":"Content-Type","value":"application/json"},{"key":"Accept","value":"application/json"}],"method":"POST","body":{"mode":"raw","raw":"{\n  \"message\": \"Hello?\"\n}","options":{"raw":{"language":"json"}}}},"status":"Not Found","code":404,"header":[{"key":"Content-Type","value":"application/json"}],"body":"{\n  \"message\": \"Keystore invalid processor\",\n  \"errorcode\": 65\n}","cookie":[],"_postman_previewlanguage":"json"}],"event":[],"protocolProfileBehavior":{"disableBodyPruning":true}}],"event":[]}],"event":[],"variable":[{"type":"string","value":"https://<site>-uat.cardconnect.com/","key":"baseUrl"}],"info":{"_postman_id":"369abf62-0da0-458e-a324-d8dc7a858d40","name":"CardSecure API Service Endpoints","schema":"https://schema.getpostman.com/json/collection/v2.1.0/collection.json","description":{"content":"<p>The CardSecure API allows you to tokenize raw or encrypted payment account information.</p>\n<p>A CardSecure token is a mathematically-irreversible representation of the account number, which can only be used to complete a payment on the CardPointe</p>\n<p>See the <a href=\"../docs/?path=docs/APIs/CardSecureAPI.md\">CardSecure API Overview</a> and the <a href=\"../docs/?path=docs/APIs/CardSecure.md\">CardSecure Developer Guide</a>for detailed information on this API.</p>\n","type":"text/plain"}}}